{"min_year": 2018, "max_year": 2021, "scores": {"train": 0.2240057788889872, "cv": -0.06354320628361336, "test": -0.02938387515112395, "diff-train-cv": 0.2875489851726006, "diff-train-test": 0.25338965404011116, "diff-test-cv": 0.03415933113248941, "avg_n_trees": 218}}