{"train": 0.060110966753629924, "cv": -0.04483881469200369, "test": -0.048752465017256164, "diff-train-cv": 0.1049497814456336, "diff-train-test": 0.10886343177088609, "diff-test-cv": 0.003913650325252475, "avg_n_trees": 158}