{"min_year": 2018, "max_year": 2021, "scores": {"train": 0.9982873518890948, "cv": -1.1128054144753403, "test": -0.44835361998417067}}