{"train": 0.20948286367515478, "cv": -0.047520972253113254, "test": -0.05523410921189531, "diff-train-cv": 0.25700383592826803, "diff-train-test": 0.2647169728870501, "diff-test-cv": 0.007713136958782056, "avg_n_trees": 134}