{"n_estimators": 158, "max_depth": 1, "learning_rate": 0.01, "gamma": 0.00031482628717152043, "min_child_weight": 10, "subsample": 0.7953359035342705, "colsample_bytree": 0.5865654970068934, "reg_alpha": 0.05451221284304518, "reg_lambda": 1.0105790311680323}